profile_url,uid
https://facebook.com/profile.php?id=100039443556017,100039443556017
https://facebook.com/profile.php?id=100039643353194,100039643353194
https://facebook.com/luc.phancong.108,100029690334250
https://facebook.com/profile.php?id=100029973245453,100029973245453
https://facebook.com/thaidam.loc,100030059256283
https://facebook.com/quy.chum.3,100030389614934
https://facebook.com/profile.php?id=100039318452405,100039318452405
https://facebook.com/profile.php?id=100039366243669,100039366243669
https://facebook.com/profile.php?id=100039453364835,100039453364835
https://facebook.com/profile.php?id=100039339302849,100039339302849
https://facebook.com/BKU-FC-THPT-C%E1%BA%A9m-B%C3%ACnh-H%C3%A0-T%C4%A9nh-1548839605206562/,1548839605206562
https://facebook.com/tanvan.phuc.1,100039390934135
https://facebook.com/profile.php?id=100039478741907,100039478741907
https://facebook.com/nhay112233/,891508964533158
https://facebook.com/profile.php?id=100028923810668,100028923810668
https://facebook.com/profile.php?id=100022457419860,100022457419860
https://facebook.com/profile.php?id=100027661163100,100027661163100
https://facebook.com/profile.php?id=100018039425442,100018039425442
https://facebook.com/namblue222,100011908327794
https://facebook.com/tinh.cao.790,100006499119571
https://facebook.com/ngoc.to.90663,100016130629311
https://facebook.com/profile.php?id=100014134874911,100014134874911
https://facebook.com/profile.php?id=100013176102399,100013176102399
https://facebook.com/profile.php?id=100024006459035,100024006459035
https://facebook.com/profile.php?id=100037761966846,100037761966846
https://facebook.com/profile.php?id=100036150294114,100036150294114
https://facebook.com/profile.php?id=100034664204907,100034664204907
https://facebook.com/profile.php?id=100028096927896,100028096927896
https://facebook.com/profile.php?id=100028204551490,100028204551490
https://facebook.com/profile.php?id=100028208892702,100028208892702
https://facebook.com/bien.bananet,100028212496349
https://facebook.com/chanhtrai.namay.3,100028220144541
https://facebook.com/profile.php?id=100028230427498,100028230427498
https://facebook.com/soai.bang.12,100028231551896
https://facebook.com/Longdzcute10A3,100028231865577
https://facebook.com/profile.php?id=100028236398551,100028236398551
https://facebook.com/kien.kevin.7399,100028236438624
https://facebook.com/profile.php?id=100028236871930,100028236871930
https://facebook.com/profile.php?id=100028237730189,100028237730189
https://facebook.com/profile.php?id=100028239150187,100028239150187
https://facebook.com/profile.php?id=100031296060621,100031296060621
https://facebook.com/profile.php?id=100028242524381,100028242524381
https://facebook.com/profile.php?id=100028242610322,100028242610322
https://facebook.com/giang.huu.9828456,100028244513048
https://facebook.com/su.anh.319,100028247016476
https://facebook.com/profile.php?id=100028254730296,100028254730296
https://facebook.com/profile.php?id=100028258574972,100028258574972
https://facebook.com/profile.php?id=100028271063466,100028271063466
https://facebook.com/huyen.nguyent.thanh.9,100028297393972
https://facebook.com/tranxuan.bach.5268,100028298143223
https://facebook.com/cho.chung.9210,100028298714565
https://facebook.com/profile.php?id=100028299760347,100028299760347
https://facebook.com/profile.php?id=100028301294446,100028301294446
https://facebook.com/shyn2105,100028304255150
https://facebook.com/profile.php?id=100028306732026,100028306732026
https://facebook.com/quan.leviet.969,100028308901784
https://facebook.com/thuonghi.bach,100028320343852
https://facebook.com/anh.su.739326,100028325199511
https://facebook.com/profile.php?id=100028327688292,100028327688292
https://facebook.com/vu.thong.773981,100028328151340
https://facebook.com/profile.php?id=100028328586951,100028328586951
https://facebook.com/blackrose0308,100028328987207
https://facebook.com/profile.php?id=100028331495467,100028331495467
https://facebook.com/keo.cay.3348,100028340293066
https://facebook.com/profile.php?id=100028343450068,100028343450068
https://facebook.com/profile.php?id=100028344100472,100028344100472
https://facebook.com/profile.php?id=100028352018646,100028352018646
https://facebook.com/lamvantinh2002,100028352209942
https://facebook.com/profile.php?id=100028357215531,100028357215531
https://facebook.com/quocbao.ho.79025648,100028360666464
https://facebook.com/profile.php?id=100028363786337,100028363786337
https://facebook.com/tri.huynh.n,100028364388060
https://facebook.com/profile.php?id=100028364618763,100028364618763
https://facebook.com/profile.php?id=100028368906444,100028368906444
https://facebook.com/profile.php?id=100028374286916,100028374286916
https://facebook.com/tri.traiquang.35,100028377290097
https://facebook.com/list.rio.7,100028379710405
https://facebook.com/profile.php?id=100028380579969,100028380579969
https://facebook.com/profile.php?id=100028383848457,100028383848457
https://facebook.com/profile.php?id=100028393066910,100028393066910
https://facebook.com/profile.php?id=100028394598355,100028394598355
https://facebook.com/you.is.crush.232,100028395016931
https://facebook.com/profile.php?id=100028397556126,100028397556126
https://facebook.com/profile.php?id=100028398344238,100028398344238
https://facebook.com/liem.s.thuan.sy.s,100028398532151
https://facebook.com/profile.php?id=100028406933641,100028406933641
https://facebook.com/profile.php?id=100028407182113,100028407182113
https://facebook.com/kieu.duy.144,100028407380979
https://facebook.com/profile.php?id=100028411626335,100028411626335
https://facebook.com/huu.nghia.56211497,100028412220865
https://facebook.com/profile.php?id=100028415371374,100028415371374
https://facebook.com/profile.php?id=100028430311239,100028430311239
https://facebook.com/profile.php?id=100028433004314,100028433004314
https://facebook.com/boesuu,100028434761304
https://facebook.com/phap.van.31542841,100028439462457
https://facebook.com/profile.php?id=100028447480506,100028447480506
https://facebook.com/profile.php?id=100028447770591,100028447770591
https://facebook.com/son.nguyenhuu.50552,100028458092785
https://facebook.com/profile.php?id=100028459364052,100028459364052
https://facebook.com/nghia.tuan.16568,100028461225836
https://facebook.com/cong.ho.165685,100028461813489
https://facebook.com/profile.php?id=100028463833670,100028463833670
https://facebook.com/vo.q.vuong.71,100028465122130
https://facebook.com/profile.php?id=100028465398986,100028465398986
https://facebook.com/profile.php?id=100028465595690,100028465595690
https://facebook.com/profile.php?id=100028466323592,100028466323592
https://facebook.com/profile.php?id=100028471214524,100028471214524
https://facebook.com/profile.php?id=100028471895335,100028471895335
https://facebook.com/profile.php?id=100028484089191,100028484089191
https://facebook.com/profile.php?id=100028496619416,100028496619416
https://facebook.com/PQN1199,100028504960945
https://facebook.com/profile.php?id=100028505312229,100028505312229
https://facebook.com/profile.php?id=100028509037889,100028509037889
https://facebook.com/profile.php?id=100028509911859,100028509911859
https://facebook.com/vannhat.le.5811,100028512368556
https://facebook.com/profile.php?id=100023424671782,100023424671782
https://facebook.com/thutrang.hoangthi.1650,100023426676192
https://facebook.com/trai.dao.148,100028514140225
https://facebook.com/binh.doan.509994,100023431602964
https://facebook.com/profile.php?id=100028525089717,100028525089717
https://facebook.com/liem.phamthanh.7315,100023436831374
https://facebook.com/profile.php?id=100028529165068,100028529165068
https://facebook.com/profile.php?id=100023441803164,100023441803164
https://facebook.com/minh.sun.790,100028535833391
https://facebook.com/profile.php?id=100023443515590,100023443515590
https://facebook.com/profile.php?id=100023470593400,100023470593400
https://facebook.com/profile.php?id=100028539082542,100028539082542
https://facebook.com/profile.php?id=100028540983146,100028540983146
https://facebook.com/huong.vuthanh.5680,100023479607845
https://facebook.com/profile.php?id=100028549752522,100028549752522
https://facebook.com/minhtam005,100023489170948
https://facebook.com/hue.hoan.908,100023494476596
https://facebook.com/profile.php?id=100028556534751,100028556534751
https://facebook.com/binh.neymar.54,100023506140682
https://facebook.com/profile.php?id=100028556643579,100028556643579
https://facebook.com/profile.php?id=100023519962558,100023519962558
https://facebook.com/truong.ace.96,100028560760458
https://facebook.com/ichquan.nguyen,100023537707123
https://facebook.com/profile.php?id=100028563713546,100028563713546
https://facebook.com/profile.php?id=100023561355208,100023561355208
https://facebook.com/hoang.daohuyhoang.12,100028571074029
https://facebook.com/profile.php?id=100023561702309,100023561702309
https://facebook.com/profile.php?id=100028571920474,100028571920474
https://facebook.com/tuanthanh.nguyen.79219754,100023563667411
https://facebook.com/minh.h.bui.33,100028575812604
https://facebook.com/thanhnam.pham.14203,100023566654447
https://facebook.com/thanh.rc.716,100023569596418
https://facebook.com/lac.viet.9277,100028579085760
https://facebook.com/hung.vuviet.5602728,100028581076411
https://facebook.com/profile.php?id=100023582903062,100023582903062
https://facebook.com/profile.php?id=100023582912219,100023582912219
https://facebook.com/profile.php?id=100028582960001,100028582960001
https://facebook.com/Unhappyyyyyyy,100028597151596
https://facebook.com/canban.chi,100023592504203
https://facebook.com/profile.php?id=100028603422682,100028603422682
https://facebook.com/quyen.levan.144181,100023602380670
https://facebook.com/huynh.ty.3348390,100028610237713
https://facebook.com/ung.ngoc.52,100023602480119
https://facebook.com/profile.php?id=100028614052256,100028614052256
https://facebook.com/profile.php?id=100023605791378,100023605791378
https://facebook.com/profile.php?id=100028623768427,100028623768427
https://facebook.com/kun.hoa.921,100023607114134
https://facebook.com/profile.php?id=100028631352471,100028631352471
https://facebook.com/huynh.quocviet.9699,100023608575509
https://facebook.com/profile.php?id=100028631534837,100028631534837
https://facebook.com/rip113.108,100023610473748
https://facebook.com/milktoi.tran,100028649040555
https://facebook.com/uayhua.tinh,100028662667402
https://facebook.com/khoa.anh.37201901,100023623626606
https://facebook.com/huynghi.nguyen.33,100028666652060
https://facebook.com/profile.php?id=100023627320910,100023627320910
https://facebook.com/profile.php?id=100028669356771,100028669356771
https://facebook.com/nvphat.2452k4,100028685647886
https://facebook.com/chinh.macvan.1,100023634105840
https://facebook.com/profile.php?id=100028686632470,100028686632470
https://facebook.com/profile.php?id=100028690870212,100028690870212
https://facebook.com/profile.php?id=100023677539896,100023677539896
https://facebook.com/profile.php?id=100028693038473,100028693038473
https://facebook.com/profile.php?id=100023685290108,100023685290108
https://facebook.com/profile.php?id=100028697832694,100028697832694
https://facebook.com/profile.php?id=100028709704306,100028709704306
https://facebook.com/profile.php?id=100023694796903,100023694796903
https://facebook.com/huu.bach.90226,100028710727781
https://facebook.com/profile.php?id=100023697463991,100023697463991
https://facebook.com/profile.php?id=100028712154343,100028712154343
https://facebook.com/TGbo2603,100023699091959
https://facebook.com/profile.php?id=100028727619835,100028727619835
https://facebook.com/profile.php?id=100023706151466,100023706151466
https://facebook.com/thetuan.luong.581,100028736722466
https://facebook.com/Flazerrrrrr,100023710191749
https://facebook.com/profile.php?id=100023730708360,100023730708360
https://facebook.com/profile.php?id=100028747424522,100028747424522
https://facebook.com/nam.tung.796569,100023731593892
https://facebook.com/profile.php?id=100028748617183,100028748617183
https://facebook.com/profile.php?id=100023739671360,100023739671360
https://facebook.com/profile.php?id=100028751172202,100028751172202
https://facebook.com/hongngoc.ngo.52643,100023744857670
https://facebook.com/profile.php?id=100028757255119,100028757255119
https://facebook.com/minhkyuuby,100023751282810
https://facebook.com/thoang.le.16752,100028763940647
https://facebook.com/huy.sm98,100023751583018
https://facebook.com/profile.php?id=100028772880272,100028772880272
https://facebook.com/profile.php?id=100023760525807,100023760525807
https://facebook.com/hoang.thieugia.92754,100028776803027
https://facebook.com/duong.lequy.5074,100023762561648
https://facebook.com/kien.anhh.5,100028781562787
https://facebook.com/profile.php?id=100023763765267,100023763765267
https://facebook.com/vu.tuvi.980,100028783380225
https://facebook.com/profile.php?id=100023764331835,100023764331835
https://facebook.com/profile.php?id=100023769861749,100023769861749
https://facebook.com/profile.php?id=100028791529883,100028791529883
https://facebook.com/van.lexuan.505,100023770423511
https://facebook.com/profile.php?id=100023777977121,100023777977121
https://facebook.com/profile.php?id=100028792245927,100028792245927
https://facebook.com/mano.hakai,100028795934608
https://facebook.com/profile.php?id=100023814975386,100023814975386
https://facebook.com/profile.php?id=100023819004197,100023819004197
https://facebook.com/hoang.doanh.7399,100028800287116
https://facebook.com/marill.0,100023822797256
https://facebook.com/profile.php?id=100028801440249,100028801440249
https://facebook.com/manhdt.47,100023831671068
https://facebook.com/profile.php?id=100028802529547,100028802529547
https://facebook.com/profile.php?id=100023832827981,100023832827981
https://facebook.com/lee.dung.10236,100028804993147
https://facebook.com/hqv1206,100023834472350
https://facebook.com/profile.php?id=100028805754047,100028805754047
https://facebook.com/profile.php?id=100023837401806,100023837401806
https://facebook.com/profile.php?id=100028815138744,100028815138744
https://facebook.com/sky.danh.79,100028819304650
https://facebook.com/khanh.nb.18,100023843915083
https://facebook.com/profile.php?id=100028820027371,100028820027371
https://facebook.com/hoangnhan.khan,100023846264440
https://facebook.com/ATRH95HD,100028825487334
https://facebook.com/totruongdong,100023847190556
https://facebook.com/profile.php?id=100028826356743,100028826356743
https://facebook.com/kieu.nguyenminh.944,100023860095357
https://facebook.com/profile.php?id=100023864383729,100023864383729
https://facebook.com/profile.php?id=100028839411961,100028839411961
https://facebook.com/lam.nguyentung.14606,100023867651322
https://facebook.com/profile.php?id=100028857231159,100028857231159
https://facebook.com/profile.php?id=100023875584118,100023875584118
https://facebook.com/euro.ty.75,100028860618585
https://facebook.com/profile.php?id=100023876343217,100023876343217
https://facebook.com/profile.php?id=100028865631100,100028865631100
https://facebook.com/tritho.tran.56,100023880403859
https://facebook.com/profile.php?id=100028867624351,100028867624351
https://facebook.com/coc.son.9066,100023887310025
https://facebook.com/thanhhieu.phan.338658,100028882064738
https://facebook.com/suong.iker.1,100023891861585
https://facebook.com/trong.thi.0806,100028886657990
https://facebook.com/baotan.nguyen.501,100023893504903
https://facebook.com/cuong.cvhvh,100028887668221
https://facebook.com/flowerboong04,100023894256771
https://facebook.com/nguyen.thi.hienn.05,100028887946415
https://facebook.com/profile.php?id=100023904712847,100023904712847
https://facebook.com/vin.chen.545,100028893163543
https://facebook.com/profile.php?id=100028893913848,100028893913848
https://facebook.com/nhan.dotrong.758,100023922669088
https://facebook.com/cong.tranthanh.39395,100028896346226
https://facebook.com/profile.php?id=100023932513028,100023932513028
https://facebook.com/ngoc.yeol.96,100028903834559
https://facebook.com/profile.php?id=100023933898477,100023933898477
https://facebook.com/profile.php?id=100023934141433,100023934141433
https://facebook.com/profile.php?id=100028904137584,100028904137584
https://facebook.com/jamesd.miority.9,100023934651680
https://facebook.com/profile.php?id=100028906005721,100028906005721
https://facebook.com/tien.thuong2k3,100023941932748
https://facebook.com/profile.php?id=100028907296927,100028907296927
https://facebook.com/profile.php?id=100023964690990,100023964690990
https://facebook.com/profile.php?id=100028914132670,100028914132670
https://facebook.com/profile.php?id=100023976531705,100023976531705
https://facebook.com/ngungo.ke.35,100028914284020
https://facebook.com/vu.ank.10,100023981451494
https://facebook.com/profile.php?id=100028920739373,100028920739373
https://facebook.com/profile.php?id=100023983965641,100023983965641
https://facebook.com/profile.php?id=100028921862159,100028921862159
https://facebook.com/linh.772002,100024002167040
https://facebook.com/profile.php?id=100028923473228,100028923473228
https://facebook.com/profile.php?id=100024009092329,100024009092329
https://facebook.com/hoaiuthimoah,100024010821158
https://facebook.com/profile.php?id=100028929767159,100028929767159
https://facebook.com/chuong.banh.790,100024012900173
https://facebook.com/profile.php?id=100028937451902,100028937451902
https://facebook.com/profile.php?id=100024023890614,100024023890614
https://facebook.com/profile.php?id=100028938136495,100028938136495
https://facebook.com/duongduong49,100024024874078
https://facebook.com/profile.php?id=100028938309547,100028938309547
https://facebook.com/rad.mu.3348,100024027092248
https://facebook.com/profile.php?id=100028939578503,100028939578503
https://facebook.com/profile.php?id=100024034973192,100024034973192
https://facebook.com/profile.php?id=100028943055728,100028943055728
https://facebook.com/profile.php?id=100024035384837,100024035384837
https://facebook.com/the.viet10082005,100024040390400
https://facebook.com/the.england.5,100028946765544
https://facebook.com/profile.php?id=100024040907023,100024040907023
https://facebook.com/chung.hua.1865904,100028960056916
https://facebook.com/nhat.trong.3538,100028961602665
https://facebook.com/profile.php?id=100024045283194,100024045283194
https://facebook.com/profile.php?id=100028962516501,100028962516501
https://facebook.com/profile.php?id=100024058126018,100024058126018
https://facebook.com/profile.php?id=100028977696912,100028977696912
https://facebook.com/thai.viet.5245,100024059213628
https://facebook.com/profile.php?id=100028980170091,100028980170091
https://facebook.com/profile.php?id=100024070413509,100024070413509
https://facebook.com/nguyen.n.my.77582,100028988256573
https://facebook.com/nguyen.kaylin.908,100024074712543
https://facebook.com/profile.php?id=100028989935342,100028989935342
https://facebook.com/profile.php?id=100024083704899,100024083704899
https://facebook.com/toilaso11111,100028992726705
https://facebook.com/uyenthu.tranngoc.5,100024092285825
https://facebook.com/profile.php?id=100028993391254,100028993391254
https://facebook.com/thiep.dv.18,100024092735870
https://facebook.com/profile.php?id=100028993459209,100028993459209
https://facebook.com/profile.php?id=100024102094951,100024102094951
https://facebook.com/hieu.luutrung.735,100028994504760
https://facebook.com/profile.php?id=100024111530314,100024111530314
https://facebook.com/vuong.quang.547727,100028998606072
https://facebook.com/profile.php?id=100024111672225,100024111672225
https://facebook.com/profile.php?id=100029004399023,100029004399023
https://facebook.com/hieu.le.307,100024112473041
https://facebook.com/nguyen.m.tan.587,100029013035300
https://facebook.com/profile.php?id=100024118876343,100024118876343
https://facebook.com/phamvan.hiep.120,100029014067608
https://facebook.com/profile.php?id=100024122110414,100024122110414
https://facebook.com/profile.php?id=100029016302418,100029016302418
https://facebook.com/loneyguy.t,100024123464285
https://facebook.com/profile.php?id=100029017819212,100029017819212
https://facebook.com/at.bich.14855,100024131058104
https://facebook.com/profile.php?id=100024134483665,100024134483665
https://facebook.com/profile.php?id=100029020239163,100029020239163
https://facebook.com/profile.php?id=100029026121239,100029026121239
https://facebook.com/profile.php?id=100024136640248,100024136640248
https://facebook.com/profile.php?id=100029031468126,100029031468126
https://facebook.com/blvanhdung,100024141622262
https://facebook.com/bui.thailinh.94,100024144724662
https://facebook.com/profile.php?id=100024148561249,100024148561249
https://facebook.com/profile.php?id=100029032650949,100029032650949
https://facebook.com/Izno.TK.110401,100024152772096
https://facebook.com/vayt.nhanma,100029035898730
https://facebook.com/son.tihon.73,100024160341991
https://facebook.com/giang.phamvan.758399,100029037676348
https://facebook.com/nguyen.hoang.hiep.220905,100024172380226
https://facebook.com/profile.php?id=100029038952397,100029038952397
https://facebook.com/ruth.trudel.14,100024174585335
https://facebook.com/profile.php?id=100029040219682,100029040219682
https://facebook.com/profile.php?id=100024178410944,100024178410944
https://facebook.com/profile.php?id=100029047515320,100029047515320
https://facebook.com/profile.php?id=100024179821206,100024179821206
https://facebook.com/huyentram6115,100029047911093
https://facebook.com/profile.php?id=100024185134306,100024185134306
https://facebook.com/phap.vo.566148,100029049006960
https://facebook.com/wall.cua.dai.ca.duc,100024187371011
https://facebook.com/giangg259,100029049230133
https://facebook.com/profile.php?id=100024197332053,100024197332053
https://facebook.com/profile.php?id=100029053211858,100029053211858
https://facebook.com/profile.php?id=100024197862095,100024197862095
https://facebook.com/profile.php?id=100029059294991,100029059294991
https://facebook.com/sky.anh.963871,100024201561225
https://facebook.com/nguyenkhoi.tran.332345,100029063703898
https://facebook.com/ngaos.yasuo,100024202711659
https://facebook.com/profile.php?id=100029068414710,100029068414710
https://facebook.com/leo.teo.16718,100024204110608
https://facebook.com/profile.php?id=100029084291139,100029084291139
https://facebook.com/tn.duong.3745,100024206380411
https://facebook.com/profile.php?id=100029085554656,100029085554656
https://facebook.com/tuan.phanthanh.142892,100024211026626
https://facebook.com/profile.php?id=100029085575000,100029085575000
https://facebook.com/profile.php?id=100024211634427,100024211634427
https://facebook.com/profile.php?id=100029088309135,100029088309135
https://facebook.com/profile.php?id=100024223788700,100024223788700
https://facebook.com/profile.php?id=100029089511956,100029089511956
https://facebook.com/profile.php?id=100024224894358,100024224894358
https://facebook.com/toandang2001,100029096410467
https://facebook.com/thao.tyt.758,100029100062375
https://facebook.com/profile.php?id=100024242861925,100024242861925
https://facebook.com/quocthu.duong.9,100029100963398
https://facebook.com/profile.php?id=100029116380308,100029116380308
https://facebook.com/Volt.19022003,100024254710450
https://facebook.com/profile.php?id=100029116651459,100029116651459
https://facebook.com/profile.php?id=100024255974598,100024255974598
https://facebook.com/profile.php?id=100029117632848,100029117632848
https://facebook.com/profile.php?id=100024280579553,100024280579553
https://facebook.com/profile.php?id=100029119055870,100029119055870
https://facebook.com/profile.php?id=100024291392269,100024291392269
https://facebook.com/profile.php?id=100029124069149,100029124069149
https://facebook.com/profile.php?id=100024293012158,100024293012158
https://facebook.com/profile.php?id=100029124294321,100029124294321
https://facebook.com/khanh.tuong.56808,100024295328767
https://facebook.com/profile.php?id=100029129992010,100029129992010
https://facebook.com/profile.php?id=100029130010650,100029130010650
https://facebook.com/profile.php?id=100024301763971,100024301763971
https://facebook.com/profile.php?id=100031396327644,100031396327644
https://facebook.com/profile.php?id=100029132108643,100029132108643
https://facebook.com/profile.php?id=100024302252518,100024302252518
https://facebook.com/profile.php?id=100029133443946,100029133443946
https://facebook.com/TDH.nogamenolifes,100031429284017
https://facebook.com/profile.php?id=100024305261627,100024305261627
https://facebook.com/kan.sown.is.me,100024306194602
https://facebook.com/nhi.tuyetbang.1,100031439784237
https://facebook.com/profile.php?id=100029147588106,100029147588106
https://facebook.com/profile.php?id=100024308503776,100024308503776
https://facebook.com/profile.php?id=100031440527368,100031440527368
https://facebook.com/profile.php?id=100024314623426,100024314623426
https://facebook.com/trung.hoviet.106,100031441609204
https://facebook.com/goo.pin.16,100029155178490
https://facebook.com/profile.php?id=100024319942221,100024319942221
https://facebook.com/profile.php?id=100031442584851,100031442584851
https://facebook.com/anh.lee.076,100029171986036
https://facebook.com/xoi.suppo.750,100024327273351
https://facebook.com/profile.php?id=100031443465504,100031443465504
https://facebook.com/profile.php?id=100029184712749,100029184712749
https://facebook.com/nhay.nhat.399,100024332820530
https://facebook.com/profile.php?id=100031467071762,100031467071762
https://facebook.com/profile.php?id=100029185806442,100029185806442
https://facebook.com/profile.php?id=100024337507514,100024337507514
https://facebook.com/evie.alice.165,100031481724392
https://facebook.com/profile.php?id=100029185989486,100029185989486
https://facebook.com/profile.php?id=100024337779579,100024337779579
https://facebook.com/profile.php?id=100031482669491,100031482669491
https://facebook.com/phannguyen.nguyen.167,100029189438284
https://facebook.com/profile.php?id=100024338144432,100024338144432
https://facebook.com/profile.php?id=100031491789447,100031491789447
https://facebook.com/profile.php?id=100024340492311,100024340492311
https://facebook.com/profile.php?id=100029197494348,100029197494348
https://facebook.com/profile.php?id=100024345768790,100024345768790
https://facebook.com/vanhvu.vanhh,100024346682208
https://facebook.com/tri.thien.944023,100029197551728
https://facebook.com/profile.php?id=100031498532899,100031498532899
https://facebook.com/cong.nguyenphu.31,100024353083436
https://facebook.com/chanh.ngu.796,100029203722362
https://facebook.com/profile.php?id=100031515904332,100031515904332
https://facebook.com/profile.php?id=100029205050754,100029205050754
https://facebook.com/duythuongg.tran.3,100031516418744
https://facebook.com/tuanlinh.m123,100024369788150
https://facebook.com/profile.php?id=100029210527672,100029210527672
https://facebook.com/kha.luu.98284,100031517617604
https://facebook.com/profile.php?id=100024374207301,100024374207301
https://facebook.com/thoi.huynh.100483,100031523411330
https://facebook.com/longnguyen011,100024374442252
https://facebook.com/rin.bi.378,100024378093245
https://facebook.com/phuc.bua.50746,100031529594653
https://facebook.com/Lanhtrungkien.vn,100024390194806
https://facebook.com/nam.riven.75,100031540423740
https://facebook.com/profile.php?id=100031548523853,100031548523853
https://facebook.com/mua.ha.31924,100024399600560
https://facebook.com/hieulenlop10,100031550356441
https://facebook.com/lanhreal.04.02,100029210822241
https://facebook.com/tri.huu.71066700,100024408008180
https://facebook.com/profile.php?id=100031556343276,100031556343276
https://facebook.com/profile.php?id=100029213197621,100029213197621
https://facebook.com/profile.php?id=100024423062951,100024423062951
https://facebook.com/profile.php?id=100031563615329,100031563615329
https://facebook.com/er.hack.9404362,100024430641609
https://facebook.com/profile.php?id=100031571682714,100031571682714
https://facebook.com/profile.php?id=100029229666746,100029229666746
https://facebook.com/dan.hien.3511,100024430895277
https://facebook.com/profile.php?id=100031576122260,100031576122260
https://facebook.com/profile.php?id=100029242847240,100029242847240
https://facebook.com/profile.php?id=100024433160428,100024433160428
https://facebook.com/trung.phuoc.9277,100029245244073
https://facebook.com/thuy.nghuyen.773981,100031588093447
https://facebook.com/profile.php?id=100024435901230,100024435901230
https://facebook.com/profile.php?id=100029247622337,100029247622337
https://facebook.com/profile.php?id=100031591130315,100031591130315
https://facebook.com/profile.php?id=100024442033413,100024442033413
https://facebook.com/co.huong.1800,100029248234874
https://facebook.com/profile.php?id=100031594513426,100031594513426
https://facebook.com/profile.php?id=100024445881566,100024445881566
https://facebook.com/profile.php?id=100031600820345,100031600820345
https://facebook.com/profile.php?id=100029251537695,100029251537695
https://facebook.com/profile.php?id=100024449808330,100024449808330
https://facebook.com/bui.beloc.3,100031632105235
https://facebook.com/profile.php?id=100029255976439,100029255976439
https://facebook.com/profile.php?id=100024450513260,100024450513260
https://facebook.com/profile.php?id=100031637043097,100031637043097
https://facebook.com/nhatthanh.vu.9277,100029257398803
https://facebook.com/phat.huynhtan.1806253,100024452012767
https://facebook.com/profile.php?id=100029278995756,100029278995756
https://facebook.com/Xaquytoai.info,100031639359701
https://facebook.com/tkhanh2603,100024475923157
https://facebook.com/profile.php?id=100031645815513,100031645815513
https://facebook.com/profile.php?id=100029292423024,100029292423024
https://facebook.com/profile.php?id=100024479525116,100024479525116
https://facebook.com/profile.php?id=100031648463020,100031648463020
https://facebook.com/profile.php?id=100029292616551,100029292616551
https://facebook.com/profile.php?id=100024479628893,100024479628893
https://facebook.com/profile.php?id=100031653635687,100031653635687
https://facebook.com/tam.khanh.31521301,100029305597153
https://facebook.com/gastus.mee.7,100024486846939
https://facebook.com/profile.php?id=100031665428287,100031665428287
https://facebook.com/profile.php?id=100029309678751,100029309678751
https://facebook.com/profile.php?id=100024487094435,100024487094435
https://facebook.com/ben.ti.79,100024493063264
https://facebook.com/profile.php?id=100031665905091,100031665905091
https://facebook.com/profile.php?id=100024493566492,100024493566492
https://facebook.com/ot.thien.31,100029317028390
https://facebook.com/hoangthanh.long.1804,100031721522845
https://facebook.com/vui.hay.376,100029331038658
https://facebook.com/le.bich.5264382,100031738521934
https://facebook.com/xuanminh.ha.56,100024496082379
https://facebook.com/manh.quoc.73744801,100029331112379
https://facebook.com/amy.pham.161009,100031741342731
https://facebook.com/huannok.longg,100024497792198
https://facebook.com/profile.php?id=100024501192288,100024501192288
https://facebook.com/profile.php?id=100029335882543,100029335882543
https://facebook.com/profile.php?id=100031741576459,100031741576459
https://facebook.com/profile.php?id=100024504814392,100024504814392
https://facebook.com/profile.php?id=100029338282797,100029338282797
https://facebook.com/phonghoang.lanh.9,100031761280853
https://facebook.com/profile.php?id=100024507483537,100024507483537
https://facebook.com/profile.php?id=100029342978825,100029342978825
https://facebook.com/profile.php?id=100031775139689,100031775139689
https://facebook.com/bao.quang.50767984,100024507608337
https://facebook.com/havi.tran.927980,100029345986053
https://facebook.com/profile.php?id=100031787828880,100031787828880
https://facebook.com/profile.php?id=100024508942590,100024508942590
https://facebook.com/namm.bes.5,100031791110029
https://facebook.com/profile.php?id=100029347990267,100029347990267
https://facebook.com/profile.php?id=100029348462279,100029348462279
https://facebook.com/profile.php?id=100031802115816,100031802115816
https://facebook.com/profile.php?id=100024510818636,100024510818636
https://facebook.com/profile.php?id=100029355465211,100029355465211
https://facebook.com/levu.duy.338,100031805151087
https://facebook.com/tuong.nguyenminh.52643,100029356134288
https://facebook.com/con.tep.716,100031807605663
https://facebook.com/profile.php?id=100024517097804,100024517097804
https://facebook.com/profile.php?id=100029357192786,100029357192786
https://facebook.com/profile.php?id=100031822515367,100031822515367
https://facebook.com/profile.php?id=100024520908258,100024520908258
https://facebook.com/profile.php?id=100029359954308,100029359954308
https://facebook.com/Thainguyen21082004,100031822788155
https://facebook.com/profile.php?id=100024522619652,100024522619652
https://facebook.com/tuanss.le.9,100031824450145
https://facebook.com/profile.php?id=100029360960690,100029360960690
https://facebook.com/quoc.lionel.90,100031849032652
https://facebook.com/binhduong.nguyen.5201,100024550162778
https://facebook.com/profile.php?id=100029363703586,100029363703586
https://facebook.com/profile.php?id=100031878440894,100031878440894
https://facebook.com/profile.php?id=100024552020863,100024552020863
https://facebook.com/chinh.trinhvan.1612,100029364979112
https://facebook.com/profile.php?id=100031880612405,100031880612405
https://facebook.com/profile.php?id=100024556403577,100024556403577
https://facebook.com/dut.nguyenvan.92,100029375583724
https://facebook.com/Huu12345,100024567763464
https://facebook.com/profile.php?id=100031915727424,100031915727424
https://facebook.com/profile.php?id=100029379032048,100029379032048
https://facebook.com/andeetv,100024569533734
https://facebook.com/qui.kim.90857,100031921059207
https://facebook.com/profile.php?id=100029381057815,100029381057815
https://facebook.com/profile.php?id=100024582302466,100024582302466
https://facebook.com/profile.php?id=100031931110287,100031931110287
https://facebook.com/profile.php?id=100029389354336,100029389354336
https://facebook.com/darkmoon.tyv,100024583990985
https://facebook.com/matnick.hoai.5,100031951893075
https://facebook.com/kha.vuduy.39,100029391822821
https://facebook.com/hai.nguyenquang.752861,100024594219734
https://facebook.com/chi.phong.54966,100031960913072
https://facebook.com/profile.php?id=100029397674864,100029397674864
https://facebook.com/lazer1337,100024606828285
https://facebook.com/thinhmurad.nguyenquoc.9,100031964776793
https://facebook.com/profile.php?id=100024610704343,100024610704343
https://facebook.com/bii.chuy.378,100031971705356
https://facebook.com/profile.php?id=100029403961860,100029403961860
https://facebook.com/khongkhong.ngo.334,100024621472085
https://facebook.com/tanie.yeon.39,100031984745520
https://facebook.com/profile.php?id=100029405911989,100029405911989
https://facebook.com/profile.php?id=100024623584613,100024623584613
https://facebook.com/profile.php?id=100031988713125,100031988713125
https://facebook.com/vo.h.yen.12,100029417057732
https://facebook.com/profile.php?id=100024627564228,100024627564228
https://facebook.com/profile.php?id=100031989375088,100031989375088
https://facebook.com/profile.php?id=100029431505804,100029431505804
https://facebook.com/giapkhaicr.159,100024628271612
https://facebook.com/nhattan.vi.31,100031989994263
https://facebook.com/profile.php?id=100024630891188,100024630891188
https://facebook.com/profile.php?id=100029436071043,100029436071043
https://facebook.com/profile.php?id=100032005398017,100032005398017
https://facebook.com/profile.php?id=100024635978511,100024635978511
https://facebook.com/profile.php?id=100029436825997,100029436825997
https://facebook.com/nhat.song.77920,100033972078751
https://facebook.com/profile.php?id=100032029626972,100032029626972
https://facebook.com/tamgioi.tru.9,100024639924237
https://facebook.com/profile.php?id=100029437312862,100029437312862
https://facebook.com/profile.php?id=100033973393354,100033973393354
https://facebook.com/profile.php?id=100032031890748,100032031890748
https://facebook.com/xlenhe,100024650059056
https://facebook.com/khanhly.vu.3720190,100033974014079
https://facebook.com/tong.binh.733076,100029437563101
https://facebook.com/profile.php?id=100032034615401,100032034615401
https://facebook.com/duonggia.quocbao.1,100033975517579
https://facebook.com/profile.php?id=100024669032524,100024669032524
https://facebook.com/trong.quan.125,100033976088028
https://facebook.com/profile.php?id=100032058532439,100032058532439
https://facebook.com/profile.php?id=100029443026140,100029443026140
https://facebook.com/congmanh.vu.39,100033978261576
https://facebook.com/profile.php?id=100024676578885,100024676578885
https://facebook.com/truong.n.van.549,100032069977430
https://facebook.com/bo.dung.712,100029454586156
https://facebook.com/profile.php?id=100024677144309,100024677144309
https://facebook.com/profile.php?id=100033978454960,100033978454960
https://facebook.com/profile.php?id=100029459107415,100029459107415
https://facebook.com/profile.php?id=100032076007267,100032076007267
https://facebook.com/mapttca,100024677896712
https://facebook.com/profile.php?id=100033980010629,100033980010629
https://facebook.com/profile.php?id=100029460249816,100029460249816
https://facebook.com/quan.cu.9066,100032087720247
https://facebook.com/vanhuan.pham.9828,100024678571148
https://facebook.com/profile.php?id=100033980298212,100033980298212
https://facebook.com/hieu.nguyenviet.9081,100029463999237
https://facebook.com/profile.php?id=100032102450133,100032102450133
https://facebook.com/profile.php?id=100024688323801,100024688323801
https://facebook.com/profile.php?id=100033982004720,100033982004720
https://facebook.com/thoai.trinh.3950,100032105227437
https://facebook.com/profile.php?id=100029467779589,100029467779589
https://facebook.com/profile.php?id=100024692469442,100024692469442
https://facebook.com/profile.php?id=100033983446211,100033983446211
https://facebook.com/hienducthang,100024702435200
https://facebook.com/profile.php?id=100032106561833,100032106561833
https://facebook.com/kirinn750,100029468141057
https://facebook.com/ngocnam.tran.3194524,100033984393321
https://facebook.com/na.thao.5439,100024702673696
https://facebook.com/langtu.muahe.12,100033990692473
https://facebook.com/profile.php?id=100032137333317,100032137333317
https://facebook.com/profile.php?id=100029470360486,100029470360486
https://facebook.com/profile.php?id=100024703891545,100024703891545
https://facebook.com/linhs.linhs.3133719,100033991400101
https://facebook.com/profile.php?id=100032146712181,100032146712181
https://facebook.com/bu.bich.5011,100029473280658
https://facebook.com/profile.php?id=100024706028070,100024706028070
https://facebook.com/hoanganh.17032006,100033991853691
https://facebook.com/bim.hoang.de2905,100032147311272
https://facebook.com/profile.php?id=100029473774265,100029473774265
https://facebook.com/profile.php?id=100024708613058,100024708613058
https://facebook.com/profile.php?id=100032166308804,100032166308804
https://facebook.com/nguyen.q.trung.90,100029474581330
https://facebook.com/profile.php?id=100034006060778,100034006060778
https://facebook.com/trutritien,100024710601932
https://facebook.com/minhquan.tranvan.9887,100032175255094
https://facebook.com/profile.php?id=100034010701503,100034010701503
https://facebook.com/profile.php?id=100024725328295,100024725328295
https://facebook.com/profile.php?id=100032197400256,100032197400256
https://facebook.com/rin.vo.1460,100029478973823
https://facebook.com/qb.truong.5,100034011727480
https://facebook.com/may.em.5203,100032207871410
https://facebook.com/profile.php?id=100034012754134,100034012754134
https://facebook.com/profile.php?id=100029483325687,100029483325687
https://facebook.com/profile.php?id=100034018330223,100034018330223
https://facebook.com/profile.php?id=100029485922393,100029485922393
https://facebook.com/susanoo.dragneel,100032208051527
https://facebook.com/giangtra.nguyenthi.39,100034018416162
https://facebook.com/blo.bla.54379,100029486503304
https://facebook.com/gaming.pham.94,100032220494348
https://facebook.com/profile.php?id=100024735930556,100024735930556
https://facebook.com/profile.php?id=100034018488339,100034018488339
https://facebook.com/truong.phat.336333,100024737807855
https://facebook.com/profile.php?id=100029488298369,100029488298369
https://facebook.com/profile.php?id=100032230860235,100032230860235
https://facebook.com/duy.luongxuan.9,100034026150630
https://facebook.com/frozenkiss0112,100024737931725
https://facebook.com/profile.php?id=100029489899955,100029489899955
https://facebook.com/tronggphuc.tran,100032244123439
https://facebook.com/thithuthao.le.2001,100034031370056
https://facebook.com/profile.php?id=100024739534376,100024739534376
https://facebook.com/profile.php?id=100032244636631,100032244636631
https://facebook.com/taj.nguyen.334839,100029493638610
https://facebook.com/profile.php?id=100034032361736,100034032361736
https://facebook.com/omega.tulen,100024739697880
https://facebook.com/hiep.nguyentuyen,100029498797415
https://facebook.com/tung.manh.357284,100034035552630
https://facebook.com/profile.php?id=100024741601956,100024741601956
https://facebook.com/profile.php?id=100034036868394,100034036868394
https://facebook.com/profile.php?id=100029501540444,100029501540444
https://facebook.com/darkking.quoc,100032252280711
https://facebook.com/profile.php?id=100024742064028,100024742064028
https://facebook.com/minhhtrann.khoii.7,100034038156140
https://facebook.com/profile.php?id=100029508583339,100029508583339
https://facebook.com/profile.php?id=100032254712658,100032254712658
https://facebook.com/profile.php?id=100024749416598,100024749416598
https://facebook.com/profile.php?id=100034038800753,100034038800753
https://facebook.com/profile.php?id=100032255651315,100032255651315
https://facebook.com/hoa.hoangthe.315,100029510527114
https://facebook.com/vu.phamhuy.127201,100034042399155
https://facebook.com/profile.php?id=100032264866311,100032264866311
https://facebook.com/ngocnam.phan.2602,100029510613109
https://facebook.com/manh.thu.2205,100034047710663
https://facebook.com/Mondelez.hi,100024757922328
https://facebook.com/gom.luan.10,100029513771454
https://facebook.com/profile.php?id=100032301798737,100032301798737
https://facebook.com/profile.php?id=100034049602494,100034049602494
https://facebook.com/profile.php?id=100034050653813,100034050653813
https://facebook.com/profile.php?id=100029529499827,100029529499827
https://facebook.com/profile.php?id=100032303314166,100032303314166
https://facebook.com/chu.quan.35175,100024773929842
https://facebook.com/profile.php?id=100029546285130,100029546285130
https://facebook.com/bang.hantu.988,100032303544208
https://facebook.com/ong.lu.547389,100034054367966
https://facebook.com/trungnguyen.tran.73594,100024774377665
https://facebook.com/profile.php?id=100029555419554,100029555419554
https://facebook.com/thanhminh.pham.39904,100032305293733
https://facebook.com/pham.bin.750983,100034054934788
https://facebook.com/minh.mau.948,100024777817509
https://facebook.com/profile.php?id=100029561984154,100029561984154
https://facebook.com/Vucanh12345,100032310286719
https://facebook.com/hoangdanh.quyet.9,100034058524362
https://facebook.com/thanh.hoangchi.9619,100024790417771
https://facebook.com/khanh.cong.37017794,100029565911069
https://facebook.com/profile.php?id=100034059412104,100034059412104
https://facebook.com/profile.php?id=100032310901740,100032310901740
https://facebook.com/than.sat.7543,100024802238267
https://facebook.com/conmeo.thinhmua,100029568876809
https://facebook.com/profile.php?id=100032316102235,100032316102235
https://facebook.com/kirito172096,100024807289292
https://facebook.com/tien.leminh.75470316,100034064841950
https://facebook.com/phans.duys.1,100032326236792
https://facebook.com/profile.php?id=100024817039415,100024817039415
https://facebook.com/lam.sang.33449,100034066772125
https://facebook.com/pluss.anh.127,100032331650332
https://facebook.com/profile.php?id=100029569170143,100029569170143
https://facebook.com/profile.php?id=100034070202080,100034070202080
https://facebook.com/tham.duy.1614460,100024818500619
https://facebook.com/profile.php?id=100032345570510,100032345570510
https://facebook.com/huyen.huy.52090008,100034073648472
https://facebook.com/tii.tan.98,100024819650658
https://facebook.com/vai.voli.1,100029569339376
https://facebook.com/nguyvotie,100032349735686
https://facebook.com/profile.php?id=100024820344193,100024820344193
https://facebook.com/tuan.hanhat.3,100029570863596
https://facebook.com/profile.php?id=100034078725228,100034078725228
https://facebook.com/profile.php?id=100032352390329,100032352390329
https://facebook.com/profile.php?id=100024827571791,100024827571791
https://facebook.com/profile.php?id=100029578081573,100029578081573
https://facebook.com/tien.nguyenthicam.31149,100034081943095
https://facebook.com/profile.php?id=100032354168984,100032354168984
https://facebook.com/buithi.phuonguyen.967,100024833800983
https://facebook.com/profile.php?id=100029584214386,100029584214386
https://facebook.com/em.thanh.963871,100032361619683
https://facebook.com/tin.pn.7,100024837409099
https://facebook.com/nguyenthanh.kim.5201,100034084929652
https://facebook.com/truongquang.tin.98,100029585687032
https://facebook.com/thuong.phamminh.31521,100032375002135
https://facebook.com/profile.php?id=100034087042737,100034087042737
https://facebook.com/profile.php?id=100024865522534,100024865522534
https://facebook.com/nhat.lequang.9026,100029587786538
https://facebook.com/profile.php?id=100032381684683,100032381684683
https://facebook.com/profile.php?id=100034087877882,100034087877882
https://facebook.com/sadara.uchiha.351,100024875952418
https://facebook.com/ngoc.sakura.5283,100029589713222
https://facebook.com/phuc.lo.3363,100032382036318
https://facebook.com/sauruou.con.39,100034090879327
https://facebook.com/profile.php?id=100024876285098,100024876285098
https://facebook.com/profile.php?id=100034103462104,100034103462104
https://facebook.com/profile.php?id=100029591343035,100029591343035
https://facebook.com/profile.php?id=100032384976055,100032384976055
https://facebook.com/khangCK12,100024876691242
https://facebook.com/profile.php?id=100034104113402,100034104113402
https://facebook.com/profile.php?id=100029592470089,100029592470089
https://facebook.com/profile.php?id=100032406552543,100032406552543
https://facebook.com/profile.php?id=100024877540389,100024877540389
https://facebook.com/danhdeep.trai,100034105902563
https://facebook.com/profile.php?id=100029593741147,100029593741147
https://facebook.com/nguyenthi.bong2001,100032409008041
https://facebook.com/long.con.376695,100034114612836
https://facebook.com/profile.php?id=100024886092991,100024886092991
https://facebook.com/profile.php?id=100029595047169,100029595047169
https://facebook.com/profile.php?id=100032411033047,100032411033047
https://facebook.com/hello.bac.92,100034114774779
https://facebook.com/profile.php?id=100024887933388,100024887933388
https://facebook.com/profile.php?id=100032417841372,100032417841372
https://facebook.com/profile.php?id=100034116001235,100034116001235
https://facebook.com/profile.php?id=100024891769597,100024891769597
https://facebook.com/profile.php?id=100029600732021,100029600732021
https://facebook.com/profile.php?id=100032425456465,100032425456465
https://facebook.com/profile.php?id=100034119375552,100034119375552
https://facebook.com/khue.veminh.1,100024892066292
https://facebook.com/profile.php?id=100029601916437,100029601916437
https://facebook.com/profile.php?id=100032431840488,100032431840488
https://facebook.com/profile.php?id=100034119704006,100034119704006
https://facebook.com/profile.php?id=100024903273864,100024903273864
https://facebook.com/to.ki.7311352,100029609825114
https://facebook.com/lao.lao.965928,100032439492325
https://facebook.com/profile.php?id=100034121262838,100034121262838
https://facebook.com/profile.php?id=100024904422136,100024904422136
https://facebook.com/thang.phantram.1,100029616014415
https://facebook.com/quan.tien.7965692,100034122649320
https://facebook.com/sang.ton.967,100032444765549
https://facebook.com/profile.php?id=100024905443692,100024905443692
https://facebook.com/profile.php?id=100034127802202,100034127802202
https://facebook.com/giobay.mac,100029621182743
https://facebook.com/profile.php?id=100032455442270,100032455442270
https://facebook.com/axy.mtnd,100024915640823
https://facebook.com/phu.phong.92167789,100034132190788
https://facebook.com/Quang.DvG.2357,100029621791467
https://facebook.com/profile.php?id=100032460876691,100032460876691
https://facebook.com/pkong.vu.982,100024919355966
https://facebook.com/Juun.nek.hihi,100034132622143
https://facebook.com/profile.php?id=100029625125384,100029625125384
https://facebook.com/profile.php?id=100024919661041,100024919661041
https://facebook.com/nguyenphung.chien.9,100032468843772
https://facebook.com/profile.php?id=100034133297115,100034133297115
https://facebook.com/profile.php?id=100029625542775,100029625542775
https://facebook.com/profile.php?id=100032474702618,100032474702618
https://facebook.com/minh.mat.77,100034138276599
https://facebook.com/profile.php?id=100024920164472,100024920164472
https://facebook.com/emma.chivi.3,100029632357800
https://facebook.com/meoo.tung.98,100034143489191
https://facebook.com/profile.php?id=100024925367464,100024925367464
https://facebook.com/profile.php?id=100029643459736,100029643459736
https://facebook.com/profile.php?id=100034153669578,100034153669578
https://facebook.com/tukitori.kedokatoji.5,100024930874617
https://facebook.com/profile.php?id=100034155283003,100034155283003
https://facebook.com/quynh.dinot,100032481712629
https://facebook.com/ngochan.phuong.372,100024932361831
https://facebook.com/profile.php?id=100034157404753,100034157404753
https://facebook.com/profile.php?id=100029653304253,100029653304253
https://facebook.com/profile.php?id=100032482972341,100032482972341
https://facebook.com/nguyen.q.thong.33,100024950164244
https://facebook.com/profile.php?id=100034157413429,100034157413429
https://facebook.com/hii.trung.33,100029655982685
https://facebook.com/nguyen.n.khanh.9400,100032484712164
https://facebook.com/profile.php?id=100024951762912,100024951762912
https://facebook.com/profile.php?id=100034157752880,100034157752880
https://facebook.com/profile.php?id=100029666613996,100029666613996
https://facebook.com/ks.kiet.54,100032492392446
https://facebook.com/mailee2910,100034161191156
https://facebook.com/profile.php?id=100024964155657,100024964155657
https://facebook.com/bile.phat.7,100029685671370
https://facebook.com/profile.php?id=100034168876964,100034168876964
https://facebook.com/profile.php?id=100032523646790,100032523646790
https://facebook.com/profile.php?id=100024970482165,100024970482165
https://facebook.com/duongmsc,100027381190447
https://facebook.com/profile.php?id=100034169358027,100034169358027
https://facebook.com/profile.php?id=100029687243356,100029687243356
https://facebook.com/profile.php?id=100024973983388,100024973983388
https://facebook.com/profile.php?id=100032528521890,100032528521890
https://facebook.com/ngoxuanphu123,100034172013165
https://facebook.com/profile.php?id=100027386048635,100027386048635
https://facebook.com/thinh.chien.7906,100029688313164
https://facebook.com/profile.php?id=100024978254545,100024978254545
https://facebook.com/profile.php?id=100032547382566,100032547382566
https://facebook.com/profile.php?id=100034174805326,100034174805326
https://facebook.com/trung3798,100027388157735
https://facebook.com/iam.HT0412,100024978442453
https://facebook.com/profile.php?id=100034175172137,100034175172137
https://facebook.com/profile.php?id=100032549460224,100032549460224
https://facebook.com/hongoanh.nguyen.52687,100029691258289
https://facebook.com/nhat.seupe.1724,100027389114882
https://facebook.com/profile.php?id=100034187150255,100034187150255
https://facebook.com/profile.php?id=100032560693036,100032560693036
https://facebook.com/quockhanh.buile.5,100024979431920
